mode,distance,duration
bus,17826923.224988498,3252430
walk,5764738.472144743,4163439
train,29252166.551918954,1229348
bike,6176065.856031178,1970835
motorcycle,4310.4761041197125,672
airplane,11454744.951627087,65832
boat,147211.04084103712,14547
taxi,3898703.3540432053,501300
subway,6239671.338329123,682992
car,23918321.07448645,2299602
run,5665.825345230953,5391
